Time, Battery Temperature, Core Temperature, Charge, Remaining Time, Brightness, Free Memory, Total Memory, Chrome Memory
1505048940.000000, 28.8    , 31.81   , 55      , 4:55    , 0.584961, 359.000000, 11991.207031, 134399556
1505049000.000000, 28.89   , 33.13   , 55      , 4:45    , 0.901367, 261.000000, 12040.062500, 134414880
